base_name,sample_number,sample_file,reward_score,footprint_count
c37e68ef-2601-41c3-97b1-ee12581c44be,1,c37e68ef-2601-41c3-97b1-ee12581c44be_sample_1.py,0.6333333333333333,18
c37e68ef-2601-41c3-97b1-ee12581c44be,2,c37e68ef-2601-41c3-97b1-ee12581c44be_sample_2.py,0.6379310344827587,17
c37e68ef-2601-41c3-97b1-ee12581c44be,3,c37e68ef-2601-41c3-97b1-ee12581c44be_sample_3.py,-1.0,
c37e68ef-2601-41c3-97b1-ee12581c44be,4,c37e68ef-2601-41c3-97b1-ee12581c44be_sample_4.py,-1.0,
c454ff48-c41e-4b36-8242-928c03d94dd3,1,c454ff48-c41e-4b36-8242-928c03d94dd3_sample_1.py,0.6666666666666667,16
c454ff48-c41e-4b36-8242-928c03d94dd3,2,c454ff48-c41e-4b36-8242-928c03d94dd3_sample_2.py,0.6724137931034484,15
c454ff48-c41e-4b36-8242-928c03d94dd3,3,c454ff48-c41e-4b36-8242-928c03d94dd3_sample_3.py,0.6724137931034484,15
c454ff48-c41e-4b36-8242-928c03d94dd3,4,c454ff48-c41e-4b36-8242-928c03d94dd3_sample_4.py,0.5703125,49
c5f0a079-007a-4dae-a48d-afa9f04a238e,1,c5f0a079-007a-4dae-a48d-afa9f04a238e_sample_1.py,0.5670731707317074,68
c5f0a079-007a-4dae-a48d-afa9f04a238e,2,c5f0a079-007a-4dae-a48d-afa9f04a238e_sample_2.py,0.7142857142857142,15
c5f0a079-007a-4dae-a48d-afa9f04a238e,3,c5f0a079-007a-4dae-a48d-afa9f04a238e_sample_3.py,0.5847457627118644,44
c5f0a079-007a-4dae-a48d-afa9f04a238e,4,c5f0a079-007a-4dae-a48d-afa9f04a238e_sample_4.py,0.6031746031746033,51
c8a5d28f-ffc6-4a17-82b2-16abf23b7f08,1,c8a5d28f-ffc6-4a17-82b2-16abf23b7f08_sample_1.py,-1.0,
c8a5d28f-ffc6-4a17-82b2-16abf23b7f08,2,c8a5d28f-ffc6-4a17-82b2-16abf23b7f08_sample_2.py,0.7884615384615383,16
c8a5d28f-ffc6-4a17-82b2-16abf23b7f08,3,c8a5d28f-ffc6-4a17-82b2-16abf23b7f08_sample_3.py,0.6142857142857141,15
c8a5d28f-ffc6-4a17-82b2-16abf23b7f08,4,c8a5d28f-ffc6-4a17-82b2-16abf23b7f08_sample_4.py,0.6935483870967742,18
ca65d08d-90d6-44e4-b9b4-4ff89c24e406,1,ca65d08d-90d6-44e4-b9b4-4ff89c24e406_sample_1.py,0.5615384615384615,15
ca65d08d-90d6-44e4-b9b4-4ff89c24e406,2,ca65d08d-90d6-44e4-b9b4-4ff89c24e406_sample_2.py,0.5615384615384615,15
ca65d08d-90d6-44e4-b9b4-4ff89c24e406,3,ca65d08d-90d6-44e4-b9b4-4ff89c24e406_sample_3.py,0.5615384615384615,15
ca65d08d-90d6-44e4-b9b4-4ff89c24e406,4,ca65d08d-90d6-44e4-b9b4-4ff89c24e406_sample_4.py,0.5454545454545454,14
cb542e97-82ec-4f4b-8989-1c2b1df375cf,1,cb542e97-82ec-4f4b-8989-1c2b1df375cf_sample_1.py,0.6956521739130435,18
cb542e97-82ec-4f4b-8989-1c2b1df375cf,2,cb542e97-82ec-4f4b-8989-1c2b1df375cf_sample_2.py,0.7619047619047619,18
cb542e97-82ec-4f4b-8989-1c2b1df375cf,3,cb542e97-82ec-4f4b-8989-1c2b1df375cf_sample_3.py,0.703125,31
cb542e97-82ec-4f4b-8989-1c2b1df375cf,4,cb542e97-82ec-4f4b-8989-1c2b1df375cf_sample_4.py,0.7857142857142856,19
cbacbefb-0c7d-4b92-8e3e-fa461cba3574,1,cbacbefb-0c7d-4b92-8e3e-fa461cba3574_sample_1.py,0.9117647058823528,15
cbacbefb-0c7d-4b92-8e3e-fa461cba3574,2,cbacbefb-0c7d-4b92-8e3e-fa461cba3574_sample_2.py,0.8333333333333333,19
cbacbefb-0c7d-4b92-8e3e-fa461cba3574,3,cbacbefb-0c7d-4b92-8e3e-fa461cba3574_sample_3.py,0.7692307692307692,24
cbacbefb-0c7d-4b92-8e3e-fa461cba3574,4,cbacbefb-0c7d-4b92-8e3e-fa461cba3574_sample_4.py,-1.0,
cbc2fe47-5242-461d-99bf-57635fdccdab,1,cbc2fe47-5242-461d-99bf-57635fdccdab_sample_1.py,-1.0,
cbc2fe47-5242-461d-99bf-57635fdccdab,2,cbc2fe47-5242-461d-99bf-57635fdccdab_sample_2.py,0.6648936170212765,81
cbc2fe47-5242-461d-99bf-57635fdccdab,3,cbc2fe47-5242-461d-99bf-57635fdccdab_sample_3.py,-1.0,
cbc2fe47-5242-461d-99bf-57635fdccdab,4,cbc2fe47-5242-461d-99bf-57635fdccdab_sample_4.py,0.6100000000000001,17
cbc6659f-413a-4a87-9778-fd663670fed5,1,cbc6659f-413a-4a87-9778-fd663670fed5_sample_1.py,0.5609756097560976,15
cbc6659f-413a-4a87-9778-fd663670fed5,2,cbc6659f-413a-4a87-9778-fd663670fed5_sample_2.py,-1.0,
cbc6659f-413a-4a87-9778-fd663670fed5,3,cbc6659f-413a-4a87-9778-fd663670fed5_sample_3.py,0.5941176470588236,70
cbc6659f-413a-4a87-9778-fd663670fed5,4,cbc6659f-413a-4a87-9778-fd663670fed5_sample_4.py,0.4232558139534883,14
cbf2d094-5428-4f0d-8ca5-b591860385e3,1,cbf2d094-5428-4f0d-8ca5-b591860385e3_sample_1.py,-1.0,
cbf2d094-5428-4f0d-8ca5-b591860385e3,2,cbf2d094-5428-4f0d-8ca5-b591860385e3_sample_2.py,-1.0,
cbf2d094-5428-4f0d-8ca5-b591860385e3,3,cbf2d094-5428-4f0d-8ca5-b591860385e3_sample_3.py,0.5853658536585367,16
cbf2d094-5428-4f0d-8ca5-b591860385e3,4,cbf2d094-5428-4f0d-8ca5-b591860385e3_sample_4.py,0.6025641025641026,15
cc6554d6-8f8a-46d5-97bc-bd1c10c8104e,1,cc6554d6-8f8a-46d5-97bc-bd1c10c8104e_sample_1.py,0.596774193548387,16
cc6554d6-8f8a-46d5-97bc-bd1c10c8104e,2,cc6554d6-8f8a-46d5-97bc-bd1c10c8104e_sample_2.py,0.518987341772152,143
cc6554d6-8f8a-46d5-97bc-bd1c10c8104e,3,cc6554d6-8f8a-46d5-97bc-bd1c10c8104e_sample_3.py,0.4624999999999999,15
cc6554d6-8f8a-46d5-97bc-bd1c10c8104e,4,cc6554d6-8f8a-46d5-97bc-bd1c10c8104e_sample_4.py,0.578125,16
cda6171e-e73b-451f-b871-de0145446484,1,cda6171e-e73b-451f-b871-de0145446484_sample_1.py,0.6515151515151516,16
cda6171e-e73b-451f-b871-de0145446484,2,cda6171e-e73b-451f-b871-de0145446484_sample_2.py,-1.0,
cda6171e-e73b-451f-b871-de0145446484,3,cda6171e-e73b-451f-b871-de0145446484_sample_3.py,-1.0,
cda6171e-e73b-451f-b871-de0145446484,4,cda6171e-e73b-451f-b871-de0145446484_sample_4.py,0.536734693877551,236
cdccf476-9ee9-4e31-8175-559567c6dcb1,1,cdccf476-9ee9-4e31-8175-559567c6dcb1_sample_1.py,-1.0,
cdccf476-9ee9-4e31-8175-559567c6dcb1,2,cdccf476-9ee9-4e31-8175-559567c6dcb1_sample_2.py,-1.0,
cdccf476-9ee9-4e31-8175-559567c6dcb1,3,cdccf476-9ee9-4e31-8175-559567c6dcb1_sample_3.py,0.6481481481481481,16
cdccf476-9ee9-4e31-8175-559567c6dcb1,4,cdccf476-9ee9-4e31-8175-559567c6dcb1_sample_4.py,0.625,16
ce370660-2e0d-48a2-b656-f42125ba06a3,1,ce370660-2e0d-48a2-b656-f42125ba06a3_sample_1.py,0.5687500000000001,16
ce370660-2e0d-48a2-b656-f42125ba06a3,2,ce370660-2e0d-48a2-b656-f42125ba06a3_sample_2.py,-1.0,
ce370660-2e0d-48a2-b656-f42125ba06a3,3,ce370660-2e0d-48a2-b656-f42125ba06a3_sample_3.py,0.5595238095238095,19
ce370660-2e0d-48a2-b656-f42125ba06a3,4,ce370660-2e0d-48a2-b656-f42125ba06a3_sample_4.py,0.5687500000000001,16
cf878f6a-c927-47ba-8f36-e7f2ed03babc,1,cf878f6a-c927-47ba-8f36-e7f2ed03babc_sample_1.py,1.0,18
cf878f6a-c927-47ba-8f36-e7f2ed03babc,2,cf878f6a-c927-47ba-8f36-e7f2ed03babc_sample_2.py,-1.0,
cf878f6a-c927-47ba-8f36-e7f2ed03babc,3,cf878f6a-c927-47ba-8f36-e7f2ed03babc_sample_3.py,-1.0,
cf878f6a-c927-47ba-8f36-e7f2ed03babc,4,cf878f6a-c927-47ba-8f36-e7f2ed03babc_sample_4.py,0.5725806451612903,53
d03a3ac1-01fb-43f7-9e51-df1f5bd17820,1,d03a3ac1-01fb-43f7-9e51-df1f5bd17820_sample_1.py,0.595959595959596,24
d03a3ac1-01fb-43f7-9e51-df1f5bd17820,2,d03a3ac1-01fb-43f7-9e51-df1f5bd17820_sample_2.py,0.4116279069767441,2
d03a3ac1-01fb-43f7-9e51-df1f5bd17820,3,d03a3ac1-01fb-43f7-9e51-df1f5bd17820_sample_3.py,-1.0,
d03a3ac1-01fb-43f7-9e51-df1f5bd17820,4,d03a3ac1-01fb-43f7-9e51-df1f5bd17820_sample_4.py,0.6386138613861387,87
d06f813d-3ddc-4677-bbb0-504bf9218be7,1,d06f813d-3ddc-4677-bbb0-504bf9218be7_sample_1.py,0.575,46
d06f813d-3ddc-4677-bbb0-504bf9218be7,2,d06f813d-3ddc-4677-bbb0-504bf9218be7_sample_2.py,0.5737704918032787,24
d06f813d-3ddc-4677-bbb0-504bf9218be7,3,d06f813d-3ddc-4677-bbb0-504bf9218be7_sample_3.py,0.45333333333333314,37
d06f813d-3ddc-4677-bbb0-504bf9218be7,4,d06f813d-3ddc-4677-bbb0-504bf9218be7_sample_4.py,0.5955882352941178,35
d17d4b27-980e-4733-9218-02ad61230552,1,d17d4b27-980e-4733-9218-02ad61230552_sample_1.py,-1.0,
d17d4b27-980e-4733-9218-02ad61230552,2,d17d4b27-980e-4733-9218-02ad61230552_sample_2.py,0.6000000000000001,16
d17d4b27-980e-4733-9218-02ad61230552,3,d17d4b27-980e-4733-9218-02ad61230552_sample_3.py,0.627906976744186,16
d17d4b27-980e-4733-9218-02ad61230552,4,d17d4b27-980e-4733-9218-02ad61230552_sample_4.py,0.6206896551724137,34
d2660a85-f3dd-4b0d-8aac-9bb8fadb0bdc,1,d2660a85-f3dd-4b0d-8aac-9bb8fadb0bdc_sample_1.py,0.9375,15
d2660a85-f3dd-4b0d-8aac-9bb8fadb0bdc,2,d2660a85-f3dd-4b0d-8aac-9bb8fadb0bdc_sample_2.py,0.9375,15
d2660a85-f3dd-4b0d-8aac-9bb8fadb0bdc,3,d2660a85-f3dd-4b0d-8aac-9bb8fadb0bdc_sample_3.py,0.9375,15
d2660a85-f3dd-4b0d-8aac-9bb8fadb0bdc,4,d2660a85-f3dd-4b0d-8aac-9bb8fadb0bdc_sample_4.py,0.9375,15
d28a6c4d-8d3b-449d-a44b-468dd25de45f,1,d28a6c4d-8d3b-449d-a44b-468dd25de45f_sample_1.py,0.44069767441860463,74
d28a6c4d-8d3b-449d-a44b-468dd25de45f,2,d28a6c4d-8d3b-449d-a44b-468dd25de45f_sample_2.py,0.45128205128205123,24
d28a6c4d-8d3b-449d-a44b-468dd25de45f,3,d28a6c4d-8d3b-449d-a44b-468dd25de45f_sample_3.py,0.6296296296296295,15
d28a6c4d-8d3b-449d-a44b-468dd25de45f,4,d28a6c4d-8d3b-449d-a44b-468dd25de45f_sample_4.py,0.6799999999999999,15
d426f83b-d749-4be2-acd3-a6d5845915eb,1,d426f83b-d749-4be2-acd3-a6d5845915eb_sample_1.py,0.6103896103896105,121
d426f83b-d749-4be2-acd3-a6d5845915eb,2,d426f83b-d749-4be2-acd3-a6d5845915eb_sample_2.py,0.6312500000000001,34
d426f83b-d749-4be2-acd3-a6d5845915eb,3,d426f83b-d749-4be2-acd3-a6d5845915eb_sample_3.py,0.5617283950617284,24
d426f83b-d749-4be2-acd3-a6d5845915eb,4,d426f83b-d749-4be2-acd3-a6d5845915eb_sample_4.py,-1.0,
d427433c-b4aa-4f25-8eed-90a245ea92a7,1,d427433c-b4aa-4f25-8eed-90a245ea92a7_sample_1.py,-1.0,
d427433c-b4aa-4f25-8eed-90a245ea92a7,2,d427433c-b4aa-4f25-8eed-90a245ea92a7_sample_2.py,-1.0,
d427433c-b4aa-4f25-8eed-90a245ea92a7,3,d427433c-b4aa-4f25-8eed-90a245ea92a7_sample_3.py,0.603448275862069,21
d427433c-b4aa-4f25-8eed-90a245ea92a7,4,d427433c-b4aa-4f25-8eed-90a245ea92a7_sample_4.py,-1.0,
d6f37c8c-bf1c-469e-a369-66cdbd7f150f,1,d6f37c8c-bf1c-469e-a369-66cdbd7f150f_sample_1.py,0.5260416666666667,77
d6f37c8c-bf1c-469e-a369-66cdbd7f150f,2,d6f37c8c-bf1c-469e-a369-66cdbd7f150f_sample_2.py,-1.0,
d6f37c8c-bf1c-469e-a369-66cdbd7f150f,3,d6f37c8c-bf1c-469e-a369-66cdbd7f150f_sample_3.py,-1.0,
d6f37c8c-bf1c-469e-a369-66cdbd7f150f,4,d6f37c8c-bf1c-469e-a369-66cdbd7f150f_sample_4.py,0.5406249999999999,17
d8bab320-d1e5-4f58-a81d-c22093886a1a,1,d8bab320-d1e5-4f58-a81d-c22093886a1a_sample_1.py,0.5523809523809524,53
d8bab320-d1e5-4f58-a81d-c22093886a1a,2,d8bab320-d1e5-4f58-a81d-c22093886a1a_sample_2.py,0.5714285714285714,17
d8bab320-d1e5-4f58-a81d-c22093886a1a,3,d8bab320-d1e5-4f58-a81d-c22093886a1a_sample_3.py,0.4563380281690139,16
d8bab320-d1e5-4f58-a81d-c22093886a1a,4,d8bab320-d1e5-4f58-a81d-c22093886a1a_sample_4.py,0.4704225352112674,18
dc6f61b8-19c8-4468-848c-82b674ca2558,1,dc6f61b8-19c8-4468-848c-82b674ca2558_sample_1.py,0.5892857142857142,15
dc6f61b8-19c8-4468-848c-82b674ca2558,2,dc6f61b8-19c8-4468-848c-82b674ca2558_sample_2.py,0.6363636363636362,24
dc6f61b8-19c8-4468-848c-82b674ca2558,3,dc6f61b8-19c8-4468-848c-82b674ca2558_sample_3.py,0.6346153846153846,15
dc6f61b8-19c8-4468-848c-82b674ca2558,4,dc6f61b8-19c8-4468-848c-82b674ca2558_sample_4.py,0.5548780487804879,73
deb75350-21e0-4c8a-b091-cf1c2c50541d,1,deb75350-21e0-4c8a-b091-cf1c2c50541d_sample_1.py,0.5664335664335665,76
deb75350-21e0-4c8a-b091-cf1c2c50541d,2,deb75350-21e0-4c8a-b091-cf1c2c50541d_sample_2.py,0.44123711340206184,19
deb75350-21e0-4c8a-b091-cf1c2c50541d,3,deb75350-21e0-4c8a-b091-cf1c2c50541d_sample_3.py,0.540909090909091,33
deb75350-21e0-4c8a-b091-cf1c2c50541d,4,deb75350-21e0-4c8a-b091-cf1c2c50541d_sample_4.py,0.5677083333333333,23
dee43d2b-459b-4866-b006-fda69289f150,1,dee43d2b-459b-4866-b006-fda69289f150_sample_1.py,0.47291666666666665,25
dee43d2b-459b-4866-b006-fda69289f150,2,dee43d2b-459b-4866-b006-fda69289f150_sample_2.py,0.6911764705882353,17
dee43d2b-459b-4866-b006-fda69289f150,3,dee43d2b-459b-4866-b006-fda69289f150_sample_3.py,0.641025641025641,20
dee43d2b-459b-4866-b006-fda69289f150,4,dee43d2b-459b-4866-b006-fda69289f150_sample_4.py,-1.0,
e0d35b0c-14b7-487f-bcf4-e4df4f4cce70,1,e0d35b0c-14b7-487f-bcf4-e4df4f4cce70_sample_1.py,0.6428571428571428,22
e0d35b0c-14b7-487f-bcf4-e4df4f4cce70,2,e0d35b0c-14b7-487f-bcf4-e4df4f4cce70_sample_2.py,0.5771812080536913,131
e0d35b0c-14b7-487f-bcf4-e4df4f4cce70,3,e0d35b0c-14b7-487f-bcf4-e4df4f4cce70_sample_3.py,0.6224489795918366,20
e0d35b0c-14b7-487f-bcf4-e4df4f4cce70,4,e0d35b0c-14b7-487f-bcf4-e4df4f4cce70_sample_4.py,0.6326530612244898,21
e1b5a103-db1d-4a66-ada2-bfdfecd7949c,1,e1b5a103-db1d-4a66-ada2-bfdfecd7949c_sample_1.py,0.6428571428571428,33
e1b5a103-db1d-4a66-ada2-bfdfecd7949c,2,e1b5a103-db1d-4a66-ada2-bfdfecd7949c_sample_2.py,-1.0,
e1b5a103-db1d-4a66-ada2-bfdfecd7949c,3,e1b5a103-db1d-4a66-ada2-bfdfecd7949c_sample_3.py,0.4957446808510637,26
e1b5a103-db1d-4a66-ada2-bfdfecd7949c,4,e1b5a103-db1d-4a66-ada2-bfdfecd7949c_sample_4.py,-1.0,
e1fe67b2-7539-49a2-bc1e-9289b9844df9,1,e1fe67b2-7539-49a2-bc1e-9289b9844df9_sample_1.py,0.8157894736842106,16
e1fe67b2-7539-49a2-bc1e-9289b9844df9,2,e1fe67b2-7539-49a2-bc1e-9289b9844df9_sample_2.py,0.7749999999999999,16
e1fe67b2-7539-49a2-bc1e-9289b9844df9,3,e1fe67b2-7539-49a2-bc1e-9289b9844df9_sample_3.py,0.7749999999999999,16
e1fe67b2-7539-49a2-bc1e-9289b9844df9,4,e1fe67b2-7539-49a2-bc1e-9289b9844df9_sample_4.py,0.6481481481481481,20
e20ddbe5-584c-4528-9ce2-a723153d5177,1,e20ddbe5-584c-4528-9ce2-a723153d5177_sample_1.py,0.7580645161290323,19
e20ddbe5-584c-4528-9ce2-a723153d5177,2,e20ddbe5-584c-4528-9ce2-a723153d5177_sample_2.py,0.7794117647058822,25
e20ddbe5-584c-4528-9ce2-a723153d5177,3,e20ddbe5-584c-4528-9ce2-a723153d5177_sample_3.py,0.7580645161290323,19
e20ddbe5-584c-4528-9ce2-a723153d5177,4,e20ddbe5-584c-4528-9ce2-a723153d5177_sample_4.py,0.6363636363636362,42
e307a4e0-16b7-4ac0-b3db-6db1b2536966,1,e307a4e0-16b7-4ac0-b3db-6db1b2536966_sample_1.py,0.6052631578947367,23
e307a4e0-16b7-4ac0-b3db-6db1b2536966,2,e307a4e0-16b7-4ac0-b3db-6db1b2536966_sample_2.py,0.6833333333333333,18
e307a4e0-16b7-4ac0-b3db-6db1b2536966,3,e307a4e0-16b7-4ac0-b3db-6db1b2536966_sample_3.py,-1.0,
e307a4e0-16b7-4ac0-b3db-6db1b2536966,4,e307a4e0-16b7-4ac0-b3db-6db1b2536966_sample_4.py,0.5393700787401574,114
e46c628d-2ddc-4ba1-8c0f-c01234136dec,1,e46c628d-2ddc-4ba1-8c0f-c01234136dec_sample_1.py,0.5810810810810811,25
e46c628d-2ddc-4ba1-8c0f-c01234136dec,2,e46c628d-2ddc-4ba1-8c0f-c01234136dec_sample_2.py,-1.0,
e46c628d-2ddc-4ba1-8c0f-c01234136dec,3,e46c628d-2ddc-4ba1-8c0f-c01234136dec_sample_3.py,-1.0,
e46c628d-2ddc-4ba1-8c0f-c01234136dec,4,e46c628d-2ddc-4ba1-8c0f-c01234136dec_sample_4.py,0.540983606557377,48
e83c6cbe-82da-478d-aa10-b35eb91ed2f6,1,e83c6cbe-82da-478d-aa10-b35eb91ed2f6_sample_1.py,0.46145251396648046,139
e83c6cbe-82da-478d-aa10-b35eb91ed2f6,2,e83c6cbe-82da-478d-aa10-b35eb91ed2f6_sample_2.py,0.5865384615384615,121
e83c6cbe-82da-478d-aa10-b35eb91ed2f6,3,e83c6cbe-82da-478d-aa10-b35eb91ed2f6_sample_3.py,-1.0,
e83c6cbe-82da-478d-aa10-b35eb91ed2f6,4,e83c6cbe-82da-478d-aa10-b35eb91ed2f6_sample_4.py,0.5422535211267605,15
eb0f3e08-ccbd-4b4b-b545-eb01f3f42abd,1,eb0f3e08-ccbd-4b4b-b545-eb01f3f42abd_sample_1.py,-1.0,
eb0f3e08-ccbd-4b4b-b545-eb01f3f42abd,2,eb0f3e08-ccbd-4b4b-b545-eb01f3f42abd_sample_2.py,0.43947368421052624,49
eb0f3e08-ccbd-4b4b-b545-eb01f3f42abd,3,eb0f3e08-ccbd-4b4b-b545-eb01f3f42abd_sample_3.py,-1.0,
eb0f3e08-ccbd-4b4b-b545-eb01f3f42abd,4,eb0f3e08-ccbd-4b4b-b545-eb01f3f42abd_sample_4.py,0.5921052631578947,57
ee2d7ab6-0a8e-47f8-affc-874fbb4f5134,1,ee2d7ab6-0a8e-47f8-affc-874fbb4f5134_sample_1.py,-1.0,
ee2d7ab6-0a8e-47f8-affc-874fbb4f5134,2,ee2d7ab6-0a8e-47f8-affc-874fbb4f5134_sample_2.py,-1.0,
ee2d7ab6-0a8e-47f8-affc-874fbb4f5134,3,ee2d7ab6-0a8e-47f8-affc-874fbb4f5134_sample_3.py,0.5874999999999999,14
ee2d7ab6-0a8e-47f8-affc-874fbb4f5134,4,ee2d7ab6-0a8e-47f8-affc-874fbb4f5134_sample_4.py,0.5599999999999998,14
ee4947d4-d6f3-490b-b7d9-48710be8ddca,1,ee4947d4-d6f3-490b-b7d9-48710be8ddca_sample_1.py,-1.0,
ee4947d4-d6f3-490b-b7d9-48710be8ddca,2,ee4947d4-d6f3-490b-b7d9-48710be8ddca_sample_2.py,-1.0,
ee4947d4-d6f3-490b-b7d9-48710be8ddca,3,ee4947d4-d6f3-490b-b7d9-48710be8ddca_sample_3.py,0.7222222222222223,21
ee4947d4-d6f3-490b-b7d9-48710be8ddca,4,ee4947d4-d6f3-490b-b7d9-48710be8ddca_sample_4.py,0.546341463414634,35
ef5ec26b-e0aa-476c-b68c-0a7ef159cc72,1,ef5ec26b-e0aa-476c-b68c-0a7ef159cc72_sample_1.py,0.6323529411764706,18
ef5ec26b-e0aa-476c-b68c-0a7ef159cc72,2,ef5ec26b-e0aa-476c-b68c-0a7ef159cc72_sample_2.py,0.5249999999999999,20
ef5ec26b-e0aa-476c-b68c-0a7ef159cc72,3,ef5ec26b-e0aa-476c-b68c-0a7ef159cc72_sample_3.py,0.5454545454545454,35
ef5ec26b-e0aa-476c-b68c-0a7ef159cc72,4,ef5ec26b-e0aa-476c-b68c-0a7ef159cc72_sample_4.py,-1.0,
f04af150-6e22-408d-84d4-162f96473589,1,f04af150-6e22-408d-84d4-162f96473589_sample_1.py,-1.0,
f04af150-6e22-408d-84d4-162f96473589,2,f04af150-6e22-408d-84d4-162f96473589_sample_2.py,0.47777777777777763,14
f04af150-6e22-408d-84d4-162f96473589,3,f04af150-6e22-408d-84d4-162f96473589_sample_3.py,-1.0,
f04af150-6e22-408d-84d4-162f96473589,4,f04af150-6e22-408d-84d4-162f96473589_sample_4.py,0.6022727272727273,15
f12dd84d-4e1c-42ce-8c10-4df6ef687649,1,f12dd84d-4e1c-42ce-8c10-4df6ef687649_sample_1.py,-1.0,
f12dd84d-4e1c-42ce-8c10-4df6ef687649,2,f12dd84d-4e1c-42ce-8c10-4df6ef687649_sample_2.py,0.8809523809523809,17
f12dd84d-4e1c-42ce-8c10-4df6ef687649,3,f12dd84d-4e1c-42ce-8c10-4df6ef687649_sample_3.py,0.536144578313253,158
f12dd84d-4e1c-42ce-8c10-4df6ef687649,4,f12dd84d-4e1c-42ce-8c10-4df6ef687649_sample_4.py,0.5923076923076922,16
f21c1481-c6ba-490a-8659-af67394d09af,1,f21c1481-c6ba-490a-8659-af67394d09af_sample_1.py,0.42409638554216866,15
f21c1481-c6ba-490a-8659-af67394d09af,2,f21c1481-c6ba-490a-8659-af67394d09af_sample_2.py,0.5365853658536586,16
f21c1481-c6ba-490a-8659-af67394d09af,3,f21c1481-c6ba-490a-8659-af67394d09af_sample_3.py,-1.0,
f21c1481-c6ba-490a-8659-af67394d09af,4,f21c1481-c6ba-490a-8659-af67394d09af_sample_4.py,0.4569620253164557,16
f2247c6d-b5f2-4c5a-86db-b9bb61f8bfee,1,f2247c6d-b5f2-4c5a-86db-b9bb61f8bfee_sample_1.py,-1.0,
f2247c6d-b5f2-4c5a-86db-b9bb61f8bfee,2,f2247c6d-b5f2-4c5a-86db-b9bb61f8bfee_sample_2.py,-1.0,
f2247c6d-b5f2-4c5a-86db-b9bb61f8bfee,3,f2247c6d-b5f2-4c5a-86db-b9bb61f8bfee_sample_3.py,0.6756756756756757,16
f2247c6d-b5f2-4c5a-86db-b9bb61f8bfee,4,f2247c6d-b5f2-4c5a-86db-b9bb61f8bfee_sample_4.py,0.6063829787234043,23
f42a4591-f3b7-4982-ba5d-7876f70e399f,1,f42a4591-f3b7-4982-ba5d-7876f70e399f_sample_1.py,0.6799999999999999,19
f42a4591-f3b7-4982-ba5d-7876f70e399f,2,f42a4591-f3b7-4982-ba5d-7876f70e399f_sample_2.py,0.7380952380952381,16
f42a4591-f3b7-4982-ba5d-7876f70e399f,3,f42a4591-f3b7-4982-ba5d-7876f70e399f_sample_3.py,-1.0,
f42a4591-f3b7-4982-ba5d-7876f70e399f,4,f42a4591-f3b7-4982-ba5d-7876f70e399f_sample_4.py,-1.0,
f50d8fa7-2fc2-498b-abe0-649176df4260,1,f50d8fa7-2fc2-498b-abe0-649176df4260_sample_1.py,0.6544502617801047,168
f50d8fa7-2fc2-498b-abe0-649176df4260,2,f50d8fa7-2fc2-498b-abe0-649176df4260_sample_2.py,0.5568181818181819,16
f50d8fa7-2fc2-498b-abe0-649176df4260,3,f50d8fa7-2fc2-498b-abe0-649176df4260_sample_3.py,0.5561797752808988,17
f50d8fa7-2fc2-498b-abe0-649176df4260,4,f50d8fa7-2fc2-498b-abe0-649176df4260_sample_4.py,0.632596685082873,147
f5d74bd9-51d4-4906-9dac-77112ec1d4d0,1,f5d74bd9-51d4-4906-9dac-77112ec1d4d0_sample_1.py,-1.0,
f5d74bd9-51d4-4906-9dac-77112ec1d4d0,2,f5d74bd9-51d4-4906-9dac-77112ec1d4d0_sample_2.py,0.661764705882353,15
f5d74bd9-51d4-4906-9dac-77112ec1d4d0,3,f5d74bd9-51d4-4906-9dac-77112ec1d4d0_sample_3.py,0.661764705882353,15
f5d74bd9-51d4-4906-9dac-77112ec1d4d0,4,f5d74bd9-51d4-4906-9dac-77112ec1d4d0_sample_4.py,0.6666666666666667,14
f6287190-3b32-476d-8bad-f0966cb7ef8b,1,f6287190-3b32-476d-8bad-f0966cb7ef8b_sample_1.py,0.6857142857142857,17
f6287190-3b32-476d-8bad-f0966cb7ef8b,2,f6287190-3b32-476d-8bad-f0966cb7ef8b_sample_2.py,0.6911764705882353,16
f6287190-3b32-476d-8bad-f0966cb7ef8b,3,f6287190-3b32-476d-8bad-f0966cb7ef8b_sample_3.py,0.7236842105263157,24
f6287190-3b32-476d-8bad-f0966cb7ef8b,4,f6287190-3b32-476d-8bad-f0966cb7ef8b_sample_4.py,0.5299539170506913,199
f6d7b41c-13e9-4589-a8cc-c20658c7f869,1,f6d7b41c-13e9-4589-a8cc-c20658c7f869_sample_1.py,0.75,22
f6d7b41c-13e9-4589-a8cc-c20658c7f869,2,f6d7b41c-13e9-4589-a8cc-c20658c7f869_sample_2.py,0.5362903225806452,20
f6d7b41c-13e9-4589-a8cc-c20658c7f869,3,f6d7b41c-13e9-4589-a8cc-c20658c7f869_sample_3.py,0.7407407407407407,23
f6d7b41c-13e9-4589-a8cc-c20658c7f869,4,f6d7b41c-13e9-4589-a8cc-c20658c7f869_sample_4.py,-1.0,
f8dde5ca-95a5-41a1-ae14-d0241c85dcdf,1,f8dde5ca-95a5-41a1-ae14-d0241c85dcdf_sample_1.py,0.5754716981132075,19
f8dde5ca-95a5-41a1-ae14-d0241c85dcdf,2,f8dde5ca-95a5-41a1-ae14-d0241c85dcdf_sample_2.py,0.4769230769230768,93
f8dde5ca-95a5-41a1-ae14-d0241c85dcdf,3,f8dde5ca-95a5-41a1-ae14-d0241c85dcdf_sample_3.py,0.5808823529411764,37
f8dde5ca-95a5-41a1-ae14-d0241c85dcdf,4,f8dde5ca-95a5-41a1-ae14-d0241c85dcdf_sample_4.py,0.5580645161290323,131
f9565973-0ee1-4535-978e-c2c682527568,1,f9565973-0ee1-4535-978e-c2c682527568_sample_1.py,0.4459183673469387,77
f9565973-0ee1-4535-978e-c2c682527568,2,f9565973-0ee1-4535-978e-c2c682527568_sample_2.py,0.5404040404040404,77
f9565973-0ee1-4535-978e-c2c682527568,3,f9565973-0ee1-4535-978e-c2c682527568_sample_3.py,-1.0,
f9565973-0ee1-4535-978e-c2c682527568,4,f9565973-0ee1-4535-978e-c2c682527568_sample_4.py,0.5555555555555556,130
f96ac25d-a2a4-4b81-81e6-7b98ab223cf8,1,f96ac25d-a2a4-4b81-81e6-7b98ab223cf8_sample_1.py,0.72,16
f96ac25d-a2a4-4b81-81e6-7b98ab223cf8,2,f96ac25d-a2a4-4b81-81e6-7b98ab223cf8_sample_2.py,0.6052631578947367,26
f96ac25d-a2a4-4b81-81e6-7b98ab223cf8,3,f96ac25d-a2a4-4b81-81e6-7b98ab223cf8_sample_3.py,0.6428571428571428,16
f96ac25d-a2a4-4b81-81e6-7b98ab223cf8,4,f96ac25d-a2a4-4b81-81e6-7b98ab223cf8_sample_4.py,0.7,15
fa2a8680-8911-4632-9895-876066879230,1,fa2a8680-8911-4632-9895-876066879230_sample_1.py,0.7916666666666667,16
fa2a8680-8911-4632-9895-876066879230,2,fa2a8680-8911-4632-9895-876066879230_sample_2.py,0.7916666666666667,16
fa2a8680-8911-4632-9895-876066879230,3,fa2a8680-8911-4632-9895-876066879230_sample_3.py,0.76,16
fa2a8680-8911-4632-9895-876066879230,4,fa2a8680-8911-4632-9895-876066879230_sample_4.py,0.7592592592592593,19
fad67bd6-5f9c-48f3-8d43-43b0e1384a59,1,fad67bd6-5f9c-48f3-8d43-43b0e1384a59_sample_1.py,-1.0,
fad67bd6-5f9c-48f3-8d43-43b0e1384a59,2,fad67bd6-5f9c-48f3-8d43-43b0e1384a59_sample_2.py,0.6578947368421053,28
fad67bd6-5f9c-48f3-8d43-43b0e1384a59,3,fad67bd6-5f9c-48f3-8d43-43b0e1384a59_sample_3.py,0.7258064516129032,23
fad67bd6-5f9c-48f3-8d43-43b0e1384a59,4,fad67bd6-5f9c-48f3-8d43-43b0e1384a59_sample_4.py,0.6486486486486487,26
fe65b80d-f315-41b1-b671-103c71030659,1,fe65b80d-f315-41b1-b671-103c71030659_sample_1.py,0.5945945945945945,22
fe65b80d-f315-41b1-b671-103c71030659,2,fe65b80d-f315-41b1-b671-103c71030659_sample_2.py,0.5757575757575757,16
fe65b80d-f315-41b1-b671-103c71030659,3,fe65b80d-f315-41b1-b671-103c71030659_sample_3.py,0.4303030303030302,13
fe65b80d-f315-41b1-b671-103c71030659,4,fe65b80d-f315-41b1-b671-103c71030659_sample_4.py,0.6000000000000001,32
